reportNum,cDatetime,cAddress,cDescription,cName,clerkSsn
4026,4/15/2016 16:36,476Grove Ave,Suspect commited the crime of Attempted murder. They used a overexertion.,Attempted murder,800868125
4027,1/7/2016 22:42,886Maple Ave,Suspect commited the crime of Wildlife smuggling. They used a sign.,Wildlife smuggling,622520100
4024,1/3/2017 20:53,956Encanto St,Suspect commited the crime of Trespassing. They used a lantern.,Trespassing,391743260
3725,7/6/2014 13:05,838McLellan Rd,Suspect commited the crime of Bribery. They used a barometer.,Bribery,494094118
5982,3/12/2016 17:30,536Princess Dr,Suspect commited the crime of Blackmail. They used a tepee.,Blackmail,168036135
5983,12/2/2014 14:20,765Fountain St,Suspect commited the crime of Treason. They used a cart.,Treason,912590623
5981,12/11/2014 20:51,808Enrose St,Suspect commited the crime of Embezzlement. They used a cultivator.,Embezzlement,236308258
5984,1/28/2017 11:03,677Tower Ave,Suspect commited the crime of Stalking. They used a basketball.,Stalking,842966821
3995,7/10/2016 20:19,435McLellan Rd,Suspect commited the crime of Burglary. They used a spectacle.,Burglary,655124269
3993,1/15/2017 13:16,885Impala Ave,Suspect commited the crime of Obscenity. They used a hourglass.,Obscenity,269059886
3992,4/7/2014 19:40,978Dartmouth Rd,Suspect commited the crime of Burglary. They used a junior.,Burglary,328648495
3990,5/10/2017 21:12,294Keating Ave,Suspect commited the crime of Bribery. They used a bunghole.,Bribery,603006766
4931,5/14/2016 20:42,738Oakland St,Suspect commited the crime of Domestic violence. They used a sill.,Domestic violence,539223861
4737,4/20/2017 18:10,122San Tan St,Suspect commited the crime of Tax evasion. They used a plant.,Tax evasion,793651001
2318,12/25/2017 18:32,251Ingram,Suspect commited the crime of Wildlife smuggling. They used a disco.,Wildlife smuggling,285165370
2317,6/7/2014 11:58,113Galveston St,Suspect commited the crime of Assault. They used a conversation.,Assault,559892281
4739,2/27/2015 13:49,891seton Dr,Suspect commited the crime of Home invasion. They used a fanlight.,Home invasion,337135419
2313,12/25/2014 20:02,951Decatur St,Suspect commited the crime of Wildlife smuggling. They used a pancake.,Wildlife smuggling,516859709
2310,6/2/2015 14:43,590Mountain View Park,Suspect commited the crime of Larceny. They used a sand.,Larceny,735766333
2311,6/7/2017 20:15,860Palm St,Suspect commited the crime of Stealing. They used a compulsion.,Stealing,517203776
3683,12/12/2017 15:00,857Ingram,Suspect commited the crime of Public indecency. They used a endothelium.,Public indecency,877799236
5856,6/20/2014 13:57,210Dartmouth Rd,Suspect commited the crime of Fraud. They used a thaw.,Fraud,121251654
5852,11/14/2014 21:10,375Merino Ave,Suspect commited the crime of Burglary. They used a loyalty.,Burglary,833234759
3681,9/10/2015 11:36,813Stephens Cir,Suspect commited the crime of Vandalism. They used a townhouse.,Vandalism,361170761
3776,10/28/2016 15:52,8726th St,Suspect commited the crime of Resisting arrest. They used a weasel.,Resisting arrest,850585417
3775,1/18/2014 13:12,418Brown Rd,Suspect commited the crime of Assault. They used a vanity.,Assault,575153993
4523,9/28/2014 23:09,793Ivanhoe St,Suspect commited the crime of Murder. They used a peanut.,Murder,165971792
3779,1/6/2015 10:03,322Hulet Dr,Suspect commited the crime of Treason. They used a fountain.,Treason,605521745
4655,2/27/2017 18:28,433Merino Ave,Suspect commited the crime of Shoplifting. They used a cartoon.,Shoplifting,799262546
4657,5/20/2017 17:00,481Galveston St,Suspect commited the crime of Smuggling. They used a lunch.,Smuggling,550111058
4658,2/5/2015 20:29,196Bircher,Suspect commited the crime of Rioting. They used a samovar.,Rioting,680322899
2261,7/28/2016 22:06,125Greenway St,Suspect commited the crime of Libel. They used a brother.,Libel,491579221
2267,1/13/2017 18:13,912seton Dr,Suspect commited the crime of Murder. They used a mayor.,Murder,114870101
2443,7/10/2014 13:35,147Halifax St,Suspect commited the crime of Wildlife smuggling. They used a wad.,Wildlife smuggling,188925787
2444,12/2/2016 16:17,392San Tan St,Suspect commited the crime of Domestic violence. They used a rotate.,Domestic violence,650372955
4811,11/22/2015 14:31,811Palm St,Suspect commited the crime of Attempted murder. They used a response.,Attempted murder,121259869
4810,7/13/2016 15:37,807Javelina Ave,Suspect commited the crime of Resisting arrest. They used a disengagement.,Resisting arrest,530433883
2042,12/4/2014 18:34,211seton Dr,Suspect commited the crime of Racketeering. They used a garden.,Racketeering,556820318
2043,4/25/2015 14:11,254Oakland St,Suspect commited the crime of Loitering. They used a impact.,Loitering,592455516
4815,12/21/2017 14:56,825Princess Dr,Suspect commited the crime of Tax evasion. They used a spirit.,Tax evasion,122570593
2048,2/27/2017 23:42,787Ellis St,Suspect commited the crime of Abduction. They used a example.,Abduction,203016034
2638,8/4/2017 22:58,648Princess Dr,Suspect commited the crime of Embezzlement. They used a cartridge.,Embezzlement,907446120
2834,2014-05-00 16:30:56,433Hermosa,Suspect commited the crime of Public indecency. They used a sari.,Public indecency,785008490
3513,6/27/2017 19:31,293Bircher,Suspect commited the crime of Public indecency. They used a nickel.,Public indecency,225445739
3512,11/5/2016 22:03,535Camino St,Suspect commited the crime of Vandalism. They used a eyeglasses.,Vandalism,951445356
3510,11/6/2014 15:09,700Evergreen St,Suspect commited the crime of Kidnapping. They used a historian.,Kidnapping,488654706
2685,11/27/2015 23:23,515Encanto St,Suspect commited the crime of Battery. They used a pvc.,Battery,101205875
2687,6/22/2015 15:05,229Stephens Cir,Suspect commited the crime of Arson. They used a clarinet.,Arson,881223540
2680,7/25/2015 19:51,412Shannon St,Suspect commited the crime of Murder. They used a hunger.,Murder,853968759
2681,12/18/2015 23:24,151Oakland St,Suspect commited the crime of Public indecency. They used a counter-force.,Public indecency,351414136
2682,10/11/2015 23:49,856Jarvis Ave,Suspect commited the crime of Rioting. They used a paddle.,Rioting,105441145
5406,5/7/2015 14:07,834Hermosa,Suspect commited the crime of Perjury. They used a china.,Perjury,835512186
4527,8/10/2017 18:36,118Julep St,Suspect commited the crime of Shoplifting. They used a piece.,Shoplifting,814606205
5181,9/20/2016 14:19,517Maple Ave,Suspect commited the crime of Homicide. They used a invention.,Homicide,342181759
3202,6/8/2014 12:18,9646th St,Suspect commited the crime of Fraud. They used a bafflement.,Fraud,815089537
5185,6/4/2015 10:36,630Tower Ave,Suspect commited the crime of Home invasion. They used a honeybee.,Home invasion,895100802
5188,6/1/2017 18:51,555seton Dr,Suspect commited the crime of Domestic violence. They used a deer.,Domestic violence,241403779
5189,11/11/2016 18:59,529Galveston St,Suspect commited the crime of Stealing. They used a pannier.,Stealing,369575812
3535,12/7/2017 11:22,523Guadalupe Rd,Suspect commited the crime of Embezzlement. They used a room.,Embezzlement,321636228
2861,6/2/2017 20:47,572Impala Ave,Suspect commited the crime of Embezzlement. They used a sycamore.,Embezzlement,951027587
2863,6/1/2016 11:26,641Extension,Suspect commited the crime of Public intoxication. They used a crib.,Public intoxication,459859851
2867,1/1/2017 22:16,455Adobe Rd,Suspect commited the crime of Homicide. They used a poland.,Homicide,401459083
3539,1/21/2014 12:24,660Evergreen St,Suspect commited the crime of Bank Robbery. They used a interloper.,Bank Robbery,226027405
2744,3/23/2017 19:32,199Gable Ave,Suspect commited the crime of Libel. They used a tanzania.,Libel,856459150
3349,10/8/2017 22:06,763Fox St,Suspect commited the crime of Smuggling. They used a book.,Smuggling,454453136
5451,11/6/2014 16:56,493Camelback Village,Suspect commited the crime of Illegal entry. They used a mexico.,Illegal entry,220735377
3340,8/22/2016 16:52,702San Tan St,Suspect commited the crime of Racketeering. They used a handle.,Racketeering,137815953
3346,1/25/2017 16:16,518Dartmouth Rd,Suspect commited the crime of Homicide. They used a computer.,Homicide,814778262
5456,2/11/2016 19:50,634Decatur St,Suspect commited the crime of Treason. They used a methane.,Treason,977856409
4259,10/16/2017 21:16,145Juniper,Suspect commited the crime of Impersonator. They used a pantyhose.,Impersonator,259385243
4251,9/25/2017 21:21,940Dartmouth Rd,Suspect commited the crime of Kidnapping. They used a sand.,Kidnapping,714393504
4250,9/16/2014 15:34,430San Tan St,Suspect commited the crime of Obscenity. They used a pick.,Obscenity,204441506
4254,4/12/2016 11:31,275Nielson Ave,Suspect commited the crime of Extortion. They used a copywriter.,Extortion,641329058
5533,5/23/2017 22:04,537Hulet Dr,Suspect commited the crime of Treason. They used a bud.,Treason,378914724
5532,8/22/2016 14:15,919Enrose St,Suspect commited the crime of Resisting arrest. They used a pencil.,Resisting arrest,656017320
5530,2/25/2016 18:37,354Juniper,Suspect commited the crime of Stalking. They used a giant.,Stalking,972900265
5536,12/17/2016 22:32,268Tulsa St,Suspect commited the crime of Extortion. They used a pioneer.,Extortion,708151212
5534,7/11/2016 23:51,712Hulet Dr,Suspect commited the crime of Homicide. They used a cart.,Homicide,837994418
5538,2/4/2016 21:41,741Hermosa,Suspect commited the crime of Tax evasion. They used a weekend.,Tax evasion,330999732
5628,1/2/2014 12:13,391Dover St,Suspect commited the crime of Rioting. They used a dolphin.,Rioting,836872119
4382,3/24/2014 13:20,309Oakland St,Suspect commited the crime of Tax evasion. They used a innocent.,Tax evasion,155527099
4381,11/6/2016 20:44,362Javelina Ave,Suspect commited the crime of Public indecency. They used a example.,Public indecency,445417408
4380,5/13/2017 12:16,746Dover St,Suspect commited the crime of Embezzlement. They used a save.,Embezzlement,865101763
4387,11/17/2017 16:00,551Ellis St,Suspect commited the crime of Public intoxication. They used a ecclesia.,Public intoxication,587622340
4386,5/15/2014 15:29,492Mountain View Park,Suspect commited the crime of Possession. They used a fix.,Possession,669222852
5621,5/4/2015 13:48,541Hermosa,Suspect commited the crime of Murder. They used a hamburger.,Murder,606463941
4384,7/10/2017 17:51,979Juniper,Suspect commited the crime of Endangerment. They used a beet.,Endangerment,179062727
2032,8/18/2015 16:18,135Greenway St,Suspect commited the crime of Endangerment. They used a arrow.,Endangerment,914999240
3830,6/4/2015 21:00,180Enrose St,Suspect commited the crime of Terrorism. They used a bijou.,Terrorism,243656648
3832,8/26/2015 13:18,714seton Dr,Suspect commited the crime of Wildlife smuggling. They used a enemy.,Wildlife smuggling,923092939
3833,2/28/2015 17:26,342Princess Dr,Suspect commited the crime of Arson. They used a perspective.,Arson,994346956
5995,10/2/2016 23:14,982Bircher,Suspect commited the crime of Fraud. They used a neuropsychiatry.,Fraud,378873805
4030,11/14/2015 10:11,456San Tan St,Suspect commited the crime of Libel. They used a david.,Libel,286361549
5997,5/22/2015 23:23,199Scottsdale,Suspect commited the crime of Tax evasion. They used a cycle.,Tax evasion,770672588
4032,6/10/2016 10:36,596Hulet Dr,Suspect commited the crime of Larceny. They used a yam.,Larceny,147130317
5993,8/7/2017 14:22,933Camino St,Suspect commited the crime of Home invasion. They used a ambassador.,Home invasion,952723408
4036,2017-08-00 20:30:05,474Tulsa St,Suspect commited the crime of Kidnapping. They used a package.,Kidnapping,245499854
5999,2014-02-00 18:32:25,190Vineyard,Suspect commited the crime of Vandalism. They used a inspection.,Vandalism,954861525
5998,2016-01-00 20:12:56,533Vineyard,Suspect commited the crime of Vandalism. They used a chance.,Vandalism,548685782
4734,7/4/2014 22:47,124Hermosa,Suspect commited the crime of Arson. They used a e-reader.,Arson,144246741
2309,5/13/2017 17:32,970Javelina Ave,Suspect commited the crime of Public indecency. They used a kilometer.,Public indecency,612493276
4729,7/12/2015 14:39,614Nielson Ave,Suspect commited the crime of Libel. They used a quit.,Libel,856532957
4725,9/8/2016 19:33,411Shannon St,Suspect commited the crime of Cruelty to animals. They used a basin.,Cruelty to animals,415975391
2300,9/5/2016 22:09,859seton Dr,Suspect commited the crime of Attempted murder. They used a pyramid.,Attempted murder,895576032
2303,11/23/2014 19:00,772Stephens Cir,Suspect commited the crime of Wildlife smuggling. They used a candidate.,Wildlife smuggling,885663713
3204,6/17/2015 10:15,453Hill Ave,Suspect commited the crime of Impersonator. They used a beef.,Impersonator,422832097
5843,3/18/2014 21:30,113Hermosa,Suspect commited the crime of Impersonator. They used a addiction.,Impersonator,335300577
5841,10/27/2016 16:26,548Decatur St,Suspect commited the crime of Sedition. They used a office.,Sedition,177784802
5849,7/12/2017 20:28,840Extension,Suspect commited the crime of Conspiracy. They used a washer.,Conspiracy,668551137
3748,8/3/2015 14:31,566Palm St,Suspect commited the crime of Attempted murder. They used a sarong.,Attempted murder,649963491
3747,4/16/2016 17:58,968Brown Rd,Suspect commited the crime of Illegal entry. They used a lier.,Illegal entry,284149735
3744,5/26/2016 23:19,640Shannon St,Suspect commited the crime of Fraud. They used a alto.,Fraud,716130272
3745,4/27/2014 10:31,531Julep St,Suspect commited the crime of Assault. They used a key.,Assault,281675754
3740,12/26/2014 20:45,681Ellis St,Suspect commited the crime of Domestic violence. They used a angora.,Domestic violence,193062892
4621,12/24/2017 21:10,511Ellis St,Suspect commited the crime of Sedition. They used a weapon.,Sedition,685000685
4624,1/10/2016 12:25,504McLellan Rd,Suspect commited the crime of Racketeering. They used a peanut.,Racketeering,345638893
4627,10/14/2014 17:44,710Elmwood St,Suspect commited the crime of Shoplifting. They used a yarn.,Shoplifting,108316661
2272,2/5/2015 15:43,744Dover St,Suspect commited the crime of Resisting arrest. They used a junket.,Resisting arrest,870057978
2279,2/10/2015 19:37,912Galveston St,Suspect commited the crime of Shoplifting. They used a armoire.,Shoplifting,520316922
2278,9/28/2015 10:11,539North Ave,Suspect commited the crime of Cruelty to animals. They used a whiskey.,Cruelty to animals,497674237
2458,3/4/2017 19:01,827Camelback Village,Suspect commited the crime of Tax evasion. They used a burn.,Tax evasion,880093184
2457,11/25/2015 19:53,155Mountain View Park,Suspect commited the crime of Arson. They used a bonsai.,Arson,938813441
2456,11/7/2017 13:16,103Hermosa,Suspect commited the crime of Smuggling. They used a eyelashes.,Smuggling,987768835
2450,10/22/2017 22:33,727Fox St,Suspect commited the crime of Rioting. They used a palm.,Rioting,586606596
2050,7/25/2016 20:10,348San Tan St,Suspect commited the crime of Extortion. They used a schedule.,Extortion,556632068
4539,7/26/2016 21:16,354Fox St,Suspect commited the crime of Possession. They used a abolishment.,Possession,580757513
4829,5/25/2015 12:19,639Maple Ave,Suspect commited the crime of Shoplifting. They used a SUV.,Shoplifting,124987402
2058,12/23/2016 23:22,975Julep St,Suspect commited the crime of Assault. They used a spine.,Assault,820152335
3692,10/21/2014 19:15,379Hill Ave,Suspect commited the crime of Forgery. They used a sister.,Forgery,257624080
4537,12/28/2014 17:08,774Stephens Cir,Suspect commited the crime of Wildlife smuggling. They used a anesthesiology.,Wildlife smuggling,553871377
4822,7/1/2016 16:23,952Fountain St,Suspect commited the crime of Stealing. They used a hardcover.,Stealing,875956240
4531,5/23/2015 23:38,337Javelina Ave,Suspect commited the crime of Home invasion. They used a bolt.,Home invasion,141592599
4532,2014-05-00 10:42:21,978McQueen Rd,Suspect commited the crime of Burglary. They used a foam.,Burglary,642123806
4533,2/8/2017 17:22,544North Ave,Suspect commited the crime of Sedition. They used a necromancer.,Sedition,683591711
3525,8/11/2014 20:13,947Grove Ave,Suspect commited the crime of Shoplifting. They used a aardvark.,Shoplifting,665765919
3521,12/13/2017 19:26,240Enrose St,Suspect commited the crime of Abduction. They used a chocolate.,Abduction,731637792
3528,2/24/2015 17:26,317Encanto St,Suspect commited the crime of Blackmail. They used a pea.,Blackmail,892676126
2698,4/14/2017 13:47,355Oakland St,Suspect commited the crime of Shoplifting. They used a knife.,Shoplifting,209774625
2697,4/4/2015 10:47,942Decatur St,Suspect commited the crime of Fraud. They used a refrigerator.,Fraud,591898660
2695,8/15/2015 23:48,941Dover St,Suspect commited the crime of Homicide. They used a surprise.,Homicide,948668452
2691,12/24/2016 18:24,911Maple Ave,Suspect commited the crime of Racketeering. They used a map.,Racketeering,453347369
3672,8/7/2014 12:22,944Decatur St,Suspect commited the crime of Racketeering. They used a conversation.,Racketeering,613713962
3673,1/23/2017 12:23,608Evergreen St,Suspect commited the crime of Illegal entry. They used a verdict.,Illegal entry,609593387
3232,8/17/2015 16:24,752Camino St,Suspect commited the crime of Arson. They used a blank.,Arson,803301422
3233,3/16/2016 14:48,746Dover St,Suspect commited the crime of Arson. They used a laryngitis.,Arson,938756143
3230,8/16/2014 11:52,220Higley Rd,Suspect commited the crime of Battery. They used a error.,Battery,989145137
3231,1/3/2015 23:35,164Gable Ave,Suspect commited the crime of Murder. They used a casino.,Murder,382355505
3236,12/21/2014 22:16,637Javelina Ave,Suspect commited the crime of Possession. They used a glove.,Possession,725428273
3235,2/25/2014 18:36,736Juniper,Suspect commited the crime of Home invasion. They used a piece.,Home invasion,436152372
5195,2/28/2016 19:13,277McLellan Rd,Suspect commited the crime of Rioting. They used a filly.,Rioting,651520063
5194,10/21/2017 15:14,212Camelback Village,Suspect commited the crime of Stealing. They used a skunk.,Stealing,570255424
3238,7/1/2016 18:38,966Scottsdale,Suspect commited the crime of Shoplifting. They used a shoemaker.,Shoplifting,295503941
3239,12/8/2017 12:25,808North Ave,Suspect commited the crime of Extortion. They used a cargo.,Extortion,501663814
5190,11/28/2014 21:34,525Downing St,Suspect commited the crime of Tax evasion. They used a thorn.,Tax evasion,738666565
5193,5/17/2016 22:54,521North Ave,Suspect commited the crime of Extortion. They used a brood.,Extortion,532187205
5192,8/23/2014 18:16,981Lema Dr,Suspect commited the crime of Assault. They used a battery.,Assault,399108166
2872,9/15/2015 14:43,350Lema Dr,Suspect commited the crime of Attempted murder. They used a checkroom.,Attempted murder,327444550
2871,9/27/2014 11:48,460Maple Ave,Suspect commited the crime of Smuggling. They used a run.,Smuggling,870836297
2870,8/18/2015 16:56,507Nielson Ave,Suspect commited the crime of Vandalism. They used a michael.,Vandalism,156584005
2877,9/18/2014 21:32,378Tower Ave,Suspect commited the crime of Vandalism. They used a zoologist.,Vandalism,907995215
2876,12/11/2015 20:39,655Bircher,Suspect commited the crime of Domestic violence. They used a united kingdom.,Domestic violence,848398417
2875,2/15/2016 13:39,321Grove Ave,Suspect commited the crime of Attempted murder. They used a bottom.,Attempted murder,431466578
2874,7/7/2015 17:19,258Stephens Cir,Suspect commited the crime of Impersonator. They used a lentil.,Impersonator,460859474
2879,1/27/2017 15:00,325Elmwood St,Suspect commited the crime of Assault. They used a rainstorm.,Assault,358410326
3354,12/28/2017 16:45,921McQueen Rd,Suspect commited the crime of Arson. They used a chit-chat.,Arson,297674838
3350,2015-01-00 17:36:31,576Vineyard,Suspect commited the crime of Rioting. They used a euphonium.,Rioting,579487833
3353,9/20/2014 15:24,527Jarvis Ave,Suspect commited the crime of Bribery. They used a cotton.,Bribery,737822810
3352,1/21/2015 20:31,482Impala Ave,Suspect commited the crime of Blackmail. They used a broiler.,Blackmail,620890202
5448,2014-08-00 10:54:40,345Enrose St,Suspect commited the crime of Bribery. They used a knife.,Bribery,392570971
5441,2/2/2015 17:06,635Ellis St,Suspect commited the crime of Cruelty to animals. They used a route.,Cruelty to animals,570263647
5445,1/14/2016 12:30,625Extension,Suspect commited the crime of Treason. They used a way.,Treason,226412644
4536,12/13/2017 18:53,830Camelback Village,Suspect commited the crime of Vandalism. They used a mosquito.,Vandalism,333375591
5506,8/16/2014 10:22,515Extension,Suspect commited the crime of Libel. They used a octet.,Libel,240986216
5507,10/3/2014 20:15,741Fountain St,Suspect commited the crime of Harassment. They used a lynx.,Harassment,517032040
5504,11/15/2014 21:12,711Evergreen St,Suspect commited the crime of Illegal entry. They used a maybe.,Illegal entry,743434349
5618,3/18/2015 18:49,877Juniper,Suspect commited the crime of Obscenity. They used a yacht.,Obscenity,674007152
5619,5/25/2015 16:34,260Harris Dr,Suspect commited the crime of Home invasion. They used a boogeyman.,Home invasion,468346993
5613,9/1/2014 22:07,444Princess Dr,Suspect commited the crime of Public intoxication. They used a mousse.,Public intoxication,855582832
5610,8/13/2014 16:42,252North Ave,Suspect commited the crime of Burglary. They used a cinema.,Burglary,811288694
5616,8/16/2017 12:23,937Adobe Rd,Suspect commited the crime of Stalking. They used a mud.,Stalking,270141558
5474,6/6/2014 19:55,772Hulet Dr,Suspect commited the crime of Battery. They used a actor.,Battery,977782905
3323,7/25/2015 19:24,483Bircher,Suspect commited the crime of Battery. They used a heyday.,Battery,901040250
3826,1/8/2014 21:58,178Encanto St,Suspect commited the crime of Assault. They used a calculus.,Assault,905750651
3825,4/7/2015 16:19,590Elmwood St,Suspect commited the crime of Rioting. They used a cancel.,Rioting,828246141
3824,12/20/2017 18:29,526Evergreen St,Suspect commited the crime of Harassment. They used a encyclopedia.,Harassment,606644350
3822,4/15/2015 14:17,148Mountain View Park,Suspect commited the crime of Extortion. They used a bowtie.,Extortion,164604032
2769,9/16/2016 12:43,258Galveston St,Suspect commited the crime of Burglary. They used a beverage.,Burglary,691415169
3829,11/20/2015 14:27,210Keating Ave,Suspect commited the crime of Kidnapping. They used a scene.,Kidnapping,649996418
2768,9/20/2016 23:39,775Caballero St,Suspect commited the crime of Murder. They used a ease.,Murder,873113730
3585,2/26/2014 15:19,361Guadalupe Rd,Suspect commited the crime of Attempted murder. They used a mambo.,Attempted murder,946825347
4283,7/25/2015 23:59,272Impala Ave,Suspect commited the crime of Sedition. They used a supply.,Sedition,793159814
4281,5/24/2015 19:13,642Evergreen St,Suspect commited the crime of Perjury. They used a pigeon.,Perjury,315230342
4286,7/26/2016 11:33,348Princess Dr,Suspect commited the crime of Fraud. They used a babies.,Fraud,631433353
4287,3/8/2017 13:11,238Downing St,Suspect commited the crime of Resisting arrest. They used a boy.,Resisting arrest,853477515
5004,10/16/2014 15:31,475Harris Dr,Suspect commited the crime of Battery. They used a climate.,Battery,920373388
3588,5/16/2017 20:16,898seton Dr,Suspect commited the crime of Battery. They used a inn.,Battery,594864268
4758,9/3/2017 22:18,562Camino St,Suspect commited the crime of Embezzlement. They used a lake.,Embezzlement,984713358
4753,2014-02-00 20:25:44,971Merino Ave,Suspect commited the crime of Cruelty to animals. They used a truckit.,Cruelty to animals,808413327
4754,12/28/2014 10:27,850Higley Rd,Suspect commited the crime of Terrorism. They used a history.,Terrorism,711321745
4756,7/17/2017 20:20,298Harris Dr,Suspect commited the crime of Arson. They used a painter.,Arson,251562134
5872,2/14/2017 15:40,281Ivanhoe St,Suspect commited the crime of Wildlife smuggling. They used a reward.,Wildlife smuggling,764643479
5873,3/11/2015 17:17,889Shannon St,Suspect commited the crime of Battery. They used a ornament.,Battery,989415581
5871,3/11/2014 11:55,172Scottsdale,Suspect commited the crime of Larceny. They used a torso.,Larceny,702498975
5874,9/27/2015 16:20,174Camino St,Suspect commited the crime of Cruelty to animals. They used a toothpick.,Cruelty to animals,115165351
5879,3/18/2016 16:24,705Shannon St,Suspect commited the crime of Harassment. They used a disposer.,Harassment,509552808
3758,1/24/2014 14:45,250Elmwood St,Suspect commited the crime of Murder. They used a shingle.,Murder,508766379
3751,2/13/2014 22:03,447San Tan St,Suspect commited the crime of Stalking. They used a mention.,Stalking,504162477
3750,1/16/2015 20:48,316Maple Ave,Suspect commited the crime of Treason. They used a shop.,Treason,128723118
3757,8/13/2015 19:21,930Princess Dr,Suspect commited the crime of Battery. They used a organisation.,Battery,151251119
2190,10/24/2015 11:19,612Shannon St,Suspect commited the crime of Embezzlement. They used a state.,Embezzlement,912378032
2193,3/5/2017 12:10,750Tower Ave,Suspect commited the crime of Kidnapping. They used a recruit.,Kidnapping,541698226
4637,12/22/2014 19:22,757Tulsa St,Suspect commited the crime of Attempted murder. They used a boatyard.,Attempted murder,276129974
2196,2/28/2016 18:43,846Vineyard,Suspect commited the crime of Libel. They used a government.,Libel,401762487
2199,3/23/2015 13:28,947Caballero St,Suspect commited the crime of Racketeering. They used a jaw.,Racketeering,873343160
4638,7/23/2014 18:20,514Downing St,Suspect commited the crime of Rioting. They used a husband.,Rioting,126552249
2429,8/3/2016 22:41,716Palm St,Suspect commited the crime of Cruelty to animals. They used a cockpit.,Cruelty to animals,680298678
2423,8/27/2017 23:23,363Palm St,Suspect commited the crime of Kidnapping. They used a stress.,Kidnapping,195012792
3688,7/16/2016 15:38,264Caballero St,Suspect commited the crime of Obscenity. They used a determination.,Obscenity,952903864
4528,4/4/2014 12:56,591Hill Ave,Suspect commited the crime of Conspiracy. They used a suit.,Conspiracy,537143486
4831,10/26/2014 12:15,495Encanto St,Suspect commited the crime of Tax evasion. They used a pickle.,Tax evasion,889039042
4830,9/6/2014 18:10,157Merino Ave,Suspect commited the crime of Sedition. They used a cloak.,Sedition,141699266
4525,11/5/2014 20:57,551Gable Ave,Suspect commited the crime of Arson. They used a pad.,Arson,882346183
4524,4/7/2016 20:59,458Nielson Ave,Suspect commited the crime of Rioting. They used a senator.,Rioting,984295623
4835,11/25/2014 13:13,925Gable Ave,Suspect commited the crime of Cruelty to animals. They used a chateau.,Cruelty to animals,878454986
4522,10/13/2017 13:09,881Merino Ave,Suspect commited the crime of Forgery. They used a single.,Forgery,849422548
4837,2017-10-00 15:18:01,123Adobe Rd,Suspect commited the crime of Assault. They used a coevolution.,Assault,826730710
4836,4/21/2016 15:30,642Hulet Dr,Suspect commited the crime of Attempted murder. They used a custodian.,Attempted murder,738158807
2518,1/14/2016 14:58,969Fox St,Suspect commited the crime of Trespassing. They used a allergist.,Trespassing,820529368
2510,2/13/2016 10:40,968Greenway St,Suspect commited the crime of Stealing. They used a kamikaze.,Stealing,228968666
2512,5/8/2014 11:52,106Mountain View Park,Suspect commited the crime of Home invasion. They used a china.,Home invasion,920291547
2734,1/15/2016 15:59,434Javelina Ave,Suspect commited the crime of Conspiracy. They used a bottom.,Conspiracy,765978842
2737,8/5/2017 18:30,712Dartmouth Rd,Suspect commited the crime of Extortion. They used a console.,Extortion,347867362
2732,4/11/2017 20:06,152Javelina Ave,Suspect commited the crime of Shoplifting. They used a data.,Shoplifting,401000675
5296,12/26/2014 18:10,521Ellis St,Suspect commited the crime of Stealing. They used a briefs.,Stealing,697600228
2738,2/5/2014 21:32,618Guadalupe Rd,Suspect commited the crime of Public indecency. They used a mist.,Public indecency,180766950
5291,10/23/2015 16:37,708Clara Vista Dr,Suspect commited the crime of Tax evasion. They used a metronome.,Tax evasion,180619498
5058,3/13/2017 14:54,977Stephens Cir,Suspect commited the crime of Illegal entry. They used a value.,Illegal entry,499558639
5059,3/22/2017 10:45,201Ingram,Suspect commited the crime of Endangerment. They used a rainmaker.,Endangerment,351340784
3537,9/20/2015 14:56,859Adobe Rd,Suspect commited the crime of Larceny. They used a speech.,Larceny,962480371
5054,6/27/2016 14:05,635Javelina Ave,Suspect commited the crime of Bribery. They used a outrigger.,Bribery,627755252
3538,12/5/2014 20:19,320Stephens Cir,Suspect commited the crime of Smuggling. They used a taiwan.,Smuggling,276941046
5051,10/5/2016 13:06,421Ellis St,Suspect commited the crime of Home invasion. They used a greek.,Home invasion,107129079
5052,2/16/2016 17:43,576Jarvis Ave,Suspect commited the crime of Rioting. They used a teacher.,Rioting,649955576
3229,2/7/2017 15:22,334Javelina Ave,Suspect commited the crime of Bank Robbery. They used a capricorn.,Bank Robbery,478513400
3222,8/11/2016 14:48,361Oakland St,Suspect commited the crime of Treason. They used a lantern.,Treason,359966970
2847,12/10/2017 13:58,339McQueen Rd,Suspect commited the crime of Cruelty to animals. They used a pet.,Cruelty to animals,640190714
2845,3/28/2015 11:46,656Dartmouth Rd,Suspect commited the crime of Stalking. They used a soldier.,Stalking,912943357
2843,9/18/2017 11:23,718Harris Dr,Suspect commited the crime of Kidnapping. They used a chord.,Kidnapping,383789309
3320,5/24/2017 21:53,208Harris Dr,Suspect commited the crime of Homicide. They used a torso.,Homicide,284100862
5477,11/12/2017 13:37,372Merino Ave,Suspect commited the crime of Wildlife smuggling. They used a pavement.,Wildlife smuggling,930998526
3322,3/14/2017 22:52,943Halifax St,Suspect commited the crime of Illegal entry. They used a former.,Illegal entry,379832574
5475,8/23/2016 13:43,952Palm St,Suspect commited the crime of Arson. They used a perfume.,Arson,102451458
3324,8/20/2017 10:15,828Ivanhoe St,Suspect commited the crime of Shoplifting. They used a revolver.,Shoplifting,431950082
5473,3/2/2015 11:47,194Clara Vista Dr,Suspect commited the crime of Burglary. They used a clavier.,Burglary,354052356
3326,9/28/2017 13:25,700Downing St,Suspect commited the crime of Stalking. They used a comportment.,Stalking,733301000
5275,4/15/2015 20:01,639North Ave,Suspect commited the crime of Possession. They used a decimal.,Possession,936593673
5277,12/11/2014 23:16,346Palm St,Suspect commited the crime of Possession. They used a flare.,Possession,152971533
5271,3/1/2017 19:16,957Downing St,Suspect commited the crime of Fraud. They used a government.,Fraud,517540110
5272,11/3/2017 22:43,223Encanto St,Suspect commited the crime of Battery. They used a mound.,Battery,870435087
5273,7/11/2014 23:42,724Lema Dr,Suspect commited the crime of Terrorism. They used a canon.,Terrorism,463358224
5278,11/7/2017 14:15,778Caballero St,Suspect commited the crime of Fraud. They used a charity.,Fraud,951413009
5511,9/11/2014 15:28,557Fountain St,Suspect commited the crime of Tax evasion. They used a anorak.,Tax evasion,665823501
5515,3/23/2014 22:05,949Dartmouth Rd,Suspect commited the crime of Harassment. They used a excitement.,Harassment,692848920
3035,4/11/2016 18:07,737Dartmouth Rd,Suspect commited the crime of Shoplifting. They used a commission.,Shoplifting,913090841
3037,10/11/2017 10:35,156Nielson Ave,Suspect commited the crime of Resisting arrest. They used a hellcat.,Resisting arrest,284846365
2994,11/8/2016 19:21,635Higley Rd,Suspect commited the crime of Blackmail. They used a clasp.,Blackmail,754600222
4691,2014-11-00 11:11:34,745Princess Dr,Suspect commited the crime of Abduction. They used a potato.,Abduction,436881696
5604,9/12/2017 22:20,174Grove Ave,Suspect commited the crime of Public intoxication. They used a advancement.,Public intoxication,360229152
5601,8/25/2014 11:58,378Galveston St,Suspect commited the crime of Arson. They used a convertible.,Arson,201115940
5600,4/28/2017 16:09,315McLellan Rd,Suspect commited the crime of Forgery. They used a sunroom.,Forgery,105597223
5603,7/8/2017 16:32,765North Ave,Suspect commited the crime of Libel. They used a organisation.,Libel,526666029
5135,2/7/2014 23:03,270Caballero St,Suspect commited the crime of Attempted murder. They used a web.,Attempted murder,529115438
3293,10/11/2016 18:39,658Camelback Village,Suspect commited the crime of Stalking. They used a rainmaker.,Stalking,604260655
3812,2/6/2016 22:12,457Harris Dr,Suspect commited the crime of Embezzlement. They used a bowtie.,Embezzlement,454494511
3811,9/11/2015 21:48,645Downing St,Suspect commited the crime of Shoplifting. They used a stiletto.,Shoplifting,438798648
3815,5/26/2017 17:40,120Hill Ave,Suspect commited the crime of Larceny. They used a back.,Larceny,344516922
3818,2/10/2016 13:00,678Camelback Village,Suspect commited the crime of Possession. They used a proposal.,Possession,223947068
4299,4/22/2014 14:31,604Princess Dr,Suspect commited the crime of Terrorism. They used a bath.,Terrorism,554871102
4297,12/15/2015 12:52,471Bircher,Suspect commited the crime of Stealing. They used a driver.,Stealing,581364031
4296,12/1/2016 18:17,930McLellan Rd,Suspect commited the crime of Smuggling. They used a bathroom.,Smuggling,430803263
4293,5/23/2015 23:11,743Mountain View Park,Suspect commited the crime of Public indecency. They used a shelf.,Public indecency,431450432
4292,9/1/2017 14:05,644Camino St,Suspect commited the crime of Illegal entry. They used a blowgun.,Illegal entry,906127682
4749,11/23/2015 13:48,672Pasedena,Suspect commited the crime of Sedition. They used a paw.,Sedition,686778696
4748,3/23/2014 11:27,371Julep St,Suspect commited the crime of Fraud. They used a fibre.,Fraud,459090248
4743,10/26/2014 15:17,607Ellis St,Suspect commited the crime of Smuggling. They used a peer-to-peer.,Smuggling,732563787
4746,12/26/2016 14:26,771Tower Ave,Suspect commited the crime of Terrorism. They used a concept.,Terrorism,952412494
4744,5/5/2015 18:31,228Scottsdale,Suspect commited the crime of Assault. They used a source.,Assault,533702994
5869,3/28/2016 15:18,160McLellan Rd,Suspect commited the crime of Possession. They used a pastor.,Possession,895322451
5868,4/25/2017 15:02,218Tulsa St,Suspect commited the crime of Embezzlement. They used a form.,Embezzlement,498198868
5867,10/17/2016 22:42,861Maple Ave,Suspect commited the crime of Arson. They used a committee.,Arson,684624212
5866,5/8/2014 14:41,612Mountain View Park,Suspect commited the crime of Conspiracy. They used a chemistry.,Conspiracy,752945494
5861,7/10/2014 16:35,6186th St,Suspect commited the crime of Loitering. They used a call.,Loitering,852765012
5863,12/2/2015 16:18,254Dartmouth Rd,Suspect commited the crime of Embezzlement. They used a construction.,Embezzlement,761964890
5862,4/15/2015 21:48,883Caballero St,Suspect commited the crime of Larceny. They used a way.,Larceny,244935007
4715,6/16/2015 17:07,248Juniper,Suspect commited the crime of Terrorism. They used a polo.,Terrorism,931563871
2183,5/6/2015 13:04,330Dartmouth Rd,Suspect commited the crime of Trespassing. They used a canteen.,Trespassing,475900259
2181,7/25/2017 14:43,194McQueen Rd,Suspect commited the crime of Endangerment. They used a reward.,Endangerment,260622703
2180,9/13/2014 16:29,749Ingram,Suspect commited the crime of Cruelty to animals. They used a yawl.,Cruelty to animals,893127024
2187,7/4/2015 20:25,923Fox St,Suspect commited the crime of Kidnapping. They used a loft.,Kidnapping,596273525
2185,10/24/2016 16:07,790Princess Dr,Suspect commited the crime of Kidnapping. They used a shadowbox.,Kidnapping,990431606
4609,11/3/2014 17:39,272Dover St,Suspect commited the crime of Domestic violence. They used a tower.,Domestic violence,242231671
4604,8/8/2016 16:06,248Nielson Ave,Suspect commited the crime of Smuggling. They used a furniture.,Smuggling,680970616
4600,6/4/2014 17:07,824Camelback Village,Suspect commited the crime of Sedition. They used a panty.,Sedition,342731129
2211,5/22/2014 10:38,550Decatur St,Suspect commited the crime of Stealing. They used a december.,Stealing,572533114
2215,6/10/2014 16:48,934Gable Ave,Suspect commited the crime of Domestic violence. They used a jackal.,Domestic violence,656157051
2439,6/25/2017 18:29,575San Tan St,Suspect commited the crime of Assault. They used a windshield.,Assault,521267583
2433,7/4/2017 18:16,8056th St,Suspect commited the crime of Public indecency. They used a richard.,Public indecency,887441794
2432,9/28/2014 23:00,214Bircher,Suspect commited the crime of Fraud. They used a stock-in-trade.,Fraud,726952332
4201,10/1/2017 10:56,542Decatur St,Suspect commited the crime of Sedition. They used a fringe.,Sedition,531138958
4513,6/1/2016 22:29,114Gable Ave,Suspect commited the crime of Conspiracy. They used a laundry.,Conspiracy,478923153
4515,8/25/2017 11:09,778Galveston St,Suspect commited the crime of Assault. They used a select.,Assault,916261266
2506,1/10/2014 11:42,607Juniper,Suspect commited the crime of Assault. They used a step-sister.,Assault,585927060
2502,10/1/2014 12:02,355Shannon St,Suspect commited the crime of Bank Robbery. They used a conclusion.,Bank Robbery,185969046
2501,6/1/2014 22:28,617Jarvis Ave,Suspect commited the crime of Arson. They used a reindeer.,Arson,441403803
2500,10/25/2016 14:52,672Elmwood St,Suspect commited the crime of Assault. They used a downforce.,Assault,186780059
2727,9/8/2015 20:01,853Evergreen St,Suspect commited the crime of Assault. They used a beret.,Assault,505465251
2724,2/8/2014 20:49,131Nielson Ave,Suspect commited the crime of Home invasion. They used a spread.,Home invasion,508578212
2721,7/11/2014 19:59,207Downing St,Suspect commited the crime of Home invasion. They used a leo.,Home invasion,604457381
5281,6/22/2015 10:23,528North Ave,Suspect commited the crime of Embezzlement. They used a timbale.,Embezzlement,546515367
5280,8/12/2015 12:58,932Mountain View Park,Suspect commited the crime of Shoplifting. They used a cartload.,Shoplifting,218974634
5282,7/5/2017 19:14,435Greenway St,Suspect commited the crime of Obscenity. They used a supply.,Obscenity,776571313
2729,8/18/2017 22:03,972North Ave,Suspect commited the crime of Treason. They used a shears.,Treason,676759985
5286,12/13/2017 18:40,242Clara Vista Dr,Suspect commited the crime of Assault. They used a chard.,Assault,463178166
5049,8/7/2016 21:44,783Lema Dr,Suspect commited the crime of Treason. They used a cacao.,Treason,467397047
5043,5/17/2015 10:29,783Guadalupe Rd,Suspect commited the crime of Libel. They used a semicolon.,Libel,408455608
3782,8/25/2014 19:28,620Halifax St,Suspect commited the crime of Loitering. They used a radiator.,Loitering,389671351
3783,8/13/2014 22:42,661Greenway St,Suspect commited the crime of Libel. They used a tractor.,Libel,276564410
3784,9/25/2017 10:51,616Nielson Ave,Suspect commited the crime of Domestic violence. They used a corridor.,Domestic violence,404236731
3785,8/3/2015 11:32,3676th St,Suspect commited the crime of Public indecency. They used a gobbler.,Public indecency,336267708
3788,7/8/2016 13:19,882Extension,Suspect commited the crime of Rioting. They used a buggy.,Rioting,901843391
4996,3/22/2014 11:57,860Stephens Cir,Suspect commited the crime of Homicide. They used a zebra.,Homicide,476228034
4994,8/14/2015 17:22,925Hermosa,Suspect commited the crime of Assault. They used a growth.,Assault,680790470
4992,4/21/2014 23:29,261Grove Ave,Suspect commited the crime of Blackmail. They used a physics.,Blackmail,943688134
4993,5/10/2014 20:14,310Nielson Ave,Suspect commited the crime of Terrorism. They used a will.,Terrorism,341535184
4990,1/8/2015 22:06,469Impala Ave,Suspect commited the crime of Assault. They used a rod.,Assault,367438290
4991,9/3/2015 18:53,531Fountain St,Suspect commited the crime of Embezzlement. They used a sunflower.,Embezzlement,792562130
3258,12/3/2014 12:45,468Birchwood,Suspect commited the crime of Terrorism. They used a motor.,Terrorism,108415446
3251,10/14/2014 17:43,469Dover St,Suspect commited the crime of Home invasion. They used a list.,Home invasion,338602454
3253,11/23/2014 16:21,215Oakland St,Suspect commited the crime of Endangerment. They used a macaroni.,Endangerment,650783192
2859,8/12/2017 10:47,303Clara Vista Dr,Suspect commited the crime of Arson. They used a lier.,Arson,804538845
2853,11/3/2014 23:47,332Tulsa St,Suspect commited the crime of Public intoxication. They used a afternoon.,Public intoxication,205908445
3333,1/23/2015 22:44,427Princess Dr,Suspect commited the crime of Shoplifting. They used a cookie.,Shoplifting,267102688
3332,7/18/2014 10:22,551Jarvis Ave,Suspect commited the crime of Murder. They used a indication.,Murder,922462691
5463,7/27/2016 13:55,728Tower Ave,Suspect commited the crime of Racketeering. They used a paddle.,Racketeering,997542372
3330,10/21/2014 22:19,113Higley Rd,Suspect commited the crime of Bribery. They used a link.,Bribery,565447141
3336,10/16/2015 21:58,590Shannon St,Suspect commited the crime of Domestic violence. They used a keystone.,Domestic violence,795544039
3335,11/28/2014 17:18,676Fountain St,Suspect commited the crime of Illegal entry. They used a creditor.,Illegal entry,620898792
3334,2/13/2017 14:33,987Scottsdale,Suspect commited the crime of Abduction. They used a baker.,Abduction,139373032
5468,1/27/2016 11:41,865Maple Ave,Suspect commited the crime of Battery. They used a eponym.,Battery,935217643
3339,5/7/2014 17:04,576Evergreen St,Suspect commited the crime of Illegal entry. They used a swamp.,Illegal entry,665905645
5187,6/18/2016 15:12,363Ivanhoe St,Suspect commited the crime of Public intoxication. They used a pedestrian.,Public intoxication,487074288
5266,2014-08-00 17:44:59,284Bircher,Suspect commited the crime of Rioting. They used a unblinking.,Rioting,756533746
5265,3/4/2014 17:20,354Ellis St,Suspect commited the crime of Abduction. They used a duty.,Abduction,937544179
5264,10/14/2017 13:37,386Gable Ave,Suspect commited the crime of Domestic violence. They used a beef.,Domestic violence,880683510
5262,9/12/2015 11:34,352Scottsdale,Suspect commited the crime of Public indecency. They used a mastoid.,Public indecency,970680823
2094,2016-08-00 20:42:20,535Guadalupe Rd,Suspect commited the crime of Tax evasion. They used a usher.,Tax evasion,794724854
5269,8/10/2016 13:27,659Oakland St,Suspect commited the crime of Wildlife smuggling. They used a thinking.,Wildlife smuggling,716065273
4574,3/18/2014 10:20,685San Tan St,Suspect commited the crime of Treason. They used a paper.,Treason,200223226
2988,8/16/2016 16:11,530Dartmouth Rd,Suspect commited the crime of Shoplifting. They used a sweat.,Shoplifting,826591736
3027,9/18/2017 16:10,449Hermosa,Suspect commited the crime of Tax evasion. They used a lace.,Tax evasion,466364923
2981,3/15/2016 15:45,511Birchwood,Suspect commited the crime of Public intoxication. They used a pakistan.,Public intoxication,400771586
3023,9/14/2015 16:33,862Hulet Dr,Suspect commited the crime of Home invasion. They used a face.,Home invasion,830073346
2985,11/13/2016 10:02,229Jarvis Ave,Suspect commited the crime of Wildlife smuggling. They used a speakerphone.,Wildlife smuggling,174582282
3651,3/14/2017 19:21,137Ellis St,Suspect commited the crime of Racketeering. They used a pioneer.,Racketeering,972016139
4191,1/14/2015 20:46,514seton Dr,Suspect commited the crime of Tax evasion. They used a knife.,Tax evasion,317860364
5671,6/16/2014 13:00,223Guadalupe Rd,Suspect commited the crime of Stealing. They used a census.,Stealing,494897678
5673,11/12/2014 16:04,991Ivanhoe St,Suspect commited the crime of Terrorism. They used a jam.,Terrorism,127420942
5674,9/14/2014 20:30,318Hulet Dr,Suspect commited the crime of Sedition. They used a hardcover.,Sedition,691153426
5676,5/18/2015 11:53,127Keating Ave,Suspect commited the crime of Impersonator. They used a git.,Impersonator,524380691
5677,10/16/2014 16:56,645Adobe Rd,Suspect commited the crime of Bribery. They used a underwire.,Bribery,329894418
4354,11/28/2016 10:48,277McLellan Rd,Suspect commited the crime of Endangerment. They used a intelligence.,Endangerment,450267667
4355,12/16/2017 23:56,138seton Dr,Suspect commited the crime of Treason. They used a holiday.,Treason,757549588
4356,2014-08-00 18:40:49,199Caballero St,Suspect commited the crime of Loitering. They used a sultan.,Loitering,985672217
4350,4/20/2014 12:26,963Caballero St,Suspect commited the crime of Treason. They used a winner.,Treason,647563803
4353,5/15/2017 12:01,302Merino Ave,Suspect commited the crime of Impersonator. They used a nitrogen.,Impersonator,683207195
4679,3/13/2017 20:45,955Stephens Cir,Suspect commited the crime of Battery. They used a caution.,Battery,123144731
2522,4/17/2016 15:55,528Gable Ave,Suspect commited the crime of Treason. They used a mouse.,Treason,368060959
4900,5/3/2017 20:24,897Keating Ave,Suspect commited the crime of Obscenity. They used a original.,Obscenity,454822432
3809,9/12/2015 17:18,150Brown Rd,Suspect commited the crime of Abduction. They used a jaguar.,Abduction,178817568
3800,5/23/2016 11:56,351Fountain St,Suspect commited the crime of Libel. They used a wealth.,Libel,103246370
3802,7/3/2015 12:41,259Halifax St,Suspect commited the crime of Burglary. They used a comb.,Burglary,703490599
4906,10/4/2016 21:15,932North Ave,Suspect commited the crime of Endangerment. They used a marriage.,Endangerment,720611880
5704,1/10/2017 13:25,977Impala Ave,Suspect commited the crime of Larceny. They used a root.,Larceny,299125288
5705,12/24/2014 18:35,456Greenway St,Suspect commited the crime of Libel. They used a road.,Libel,780765739
5706,6/13/2015 10:28,965Ellis St,Suspect commited the crime of Stalking. They used a prow.,Stalking,547129900
5700,2/28/2015 10:22,933Grove Ave,Suspect commited the crime of Resisting arrest. They used a language.,Resisting arrest,654477870
5702,4/18/2016 19:28,435Galveston St,Suspect commited the crime of Stalking. They used a cloth.,Stalking,909716015
4776,8/21/2015 16:10,820Halifax St,Suspect commited the crime of Rioting. They used a stud.,Rioting,646621744
4772,8/7/2015 22:15,601Dartmouth Rd,Suspect commited the crime of Libel. They used a men.,Libel,653453872
4770,8/27/2017 14:43,438Caballero St,Suspect commited the crime of Tax evasion. They used a mind.,Tax evasion,954280499
4176,5/6/2014 10:19,806Lema Dr,Suspect commited the crime of Blackmail. They used a peanut.,Blackmail,430828083
4170,9/27/2016 20:44,610McLellan Rd,Suspect commited the crime of Endangerment. They used a beat.,Endangerment,441412147
4172,11/10/2015 12:51,932Shannon St,Suspect commited the crime of Bank Robbery. They used a parade.,Bank Robbery,825051702
4173,12/28/2017 16:46,536Pasedena,Suspect commited the crime of Abduction. They used a anxiety.,Abduction,111135288
4179,7/28/2015 13:48,279Pasedena,Suspect commited the crime of Harassment. They used a shark.,Harassment,669862456
5813,8/6/2015 12:18,255Halifax St,Suspect commited the crime of Extortion. They used a gateway.,Extortion,936839737
5817,10/7/2015 18:58,551Stephens Cir,Suspect commited the crime of Assault. They used a legal.,Assault,229386808
2949,2015-03-00 19:48:28,361Stephens Cir,Suspect commited the crime of Trespassing. They used a captain.,Trespassing,242764347
4619,11/28/2016 23:44,852Harris Dr,Suspect commited the crime of Larceny. They used a engineering.,Larceny,493029949
5061,11/7/2015 16:44,222Elmwood St,Suspect commited the crime of Burglary. They used a lan.,Burglary,542149182
4612,2015-06-00 13:25:06,825Merino Ave,Suspect commited the crime of Embezzlement. They used a vein.,Embezzlement,279718459
4614,5/5/2015 11:49,989Caballero St,Suspect commited the crime of Endangerment. They used a chord.,Endangerment,167914054
4617,5/16/2014 13:45,9276th St,Suspect commited the crime of Treason. They used a arrow.,Treason,253626951
4616,12/14/2016 20:50,500Greenway St,Suspect commited the crime of Bank Robbery. They used a bower.,Bank Robbery,243345991
5148,3/14/2015 10:32,166Gable Ave,Suspect commited the crime of Homicide. They used a chapel.,Homicide,194570824
2225,12/8/2015 18:02,2846th St,Suspect commited the crime of Illegal entry. They used a necromancer.,Illegal entry,946416202
2222,5/17/2017 13:27,826Tower Ave,Suspect commited the crime of Bribery. They used a goldfish.,Bribery,633866827
2223,3/2/2015 21:52,502Dartmouth Rd,Suspect commited the crime of Loitering. They used a disgust.,Loitering,916515403
5925,2/27/2015 13:43,362Camelback Village,Suspect commited the crime of Home invasion. They used a october.,Home invasion,406497871
5920,4/15/2017 22:59,293Ivanhoe St,Suspect commited the crime of Public intoxication. They used a bamboo.,Public intoxication,753920591
5928,7/14/2016 17:33,971Clara Vista Dr,Suspect commited the crime of Burglary. They used a maestro.,Burglary,756836945
5069,11/21/2017 11:35,185Camelback Village,Suspect commited the crime of Illegal entry. They used a group.,Illegal entry,360065619
4505,7/15/2016 18:21,893Oakland St,Suspect commited the crime of Resisting arrest. They used a adrenalin.,Resisting arrest,207915603
4507,6/18/2016 11:42,583Julep St,Suspect commited the crime of Resisting arrest. They used a defense.,Resisting arrest,109578838
4506,9/25/2015 18:00,798Tulsa St,Suspect commited the crime of Harassment. They used a care.,Harassment,229853783
4503,4/14/2017 14:01,425Juniper,Suspect commited the crime of Larceny. They used a western.,Larceny,114109018
2082,10/24/2014 22:22,571Elmwood St,Suspect commited the crime of Libel. They used a townhouse.,Libel,811534941
2087,7/1/2017 14:48,155Elmwood St,Suspect commited the crime of Larceny. They used a player.,Larceny,861383262
2085,10/28/2014 21:21,235Stephens Cir,Suspect commited the crime of Public indecency. They used a mint.,Public indecency,737249896
2532,8/20/2015 16:45,946Adobe Rd,Suspect commited the crime of Cruelty to animals. They used a velodrome.,Cruelty to animals,172771947
2533,5/25/2017 21:47,941Stephens Cir,Suspect commited the crime of Forgery. They used a method.,Forgery,260426347
2536,9/6/2014 23:44,431Jarvis Ave,Suspect commited the crime of Blackmail. They used a fratricide.,Blackmail,501516910
2537,5/26/2017 11:47,639Grove Ave,Suspect commited the crime of Arson. They used a bongo.,Arson,483576430
2534,3/17/2017 23:53,928Enrose St,Suspect commited the crime of Cruelty to animals. They used a lacquerware.,Cruelty to animals,454199927
2535,8/17/2017 16:19,198Palm St,Suspect commited the crime of Homicide. They used a suck.,Homicide,448367232
2717,3/21/2017 17:26,761Nielson Ave,Suspect commited the crime of Sedition. They used a culture.,Sedition,437586561
2714,8/16/2017 16:53,667Birchwood,Suspect commited the crime of Homicide. They used a goose.,Homicide,103541378
2715,5/23/2017 21:03,397Maple Ave,Suspect commited the crime of Wildlife smuggling. They used a sail.,Wildlife smuggling,201837185
2719,7/13/2017 21:01,625Brown Rd,Suspect commited the crime of Terrorism. They used a chainstay.,Terrorism,373967492
3344,11/18/2014 17:41,639Bircher,Suspect commited the crime of Resisting arrest. They used a turkish.,Resisting arrest,138218112
5077,7/1/2014 13:35,573Lema Dr,Suspect commited the crime of Shoplifting. They used a opening.,Shoplifting,883911308
3795,4/7/2016 15:52,771Ivanhoe St,Suspect commited the crime of Extortion. They used a child.,Extortion,826337933
3794,4/12/2014 17:32,861McLellan Rd,Suspect commited the crime of Burglary. They used a sofa.,Burglary,499468940
4981,11/6/2014 16:47,753Galveston St,Suspect commited the crime of Arson. They used a innervation.,Arson,125586063
4982,2/23/2016 14:26,306Lema Dr,Suspect commited the crime of Embezzlement. They used a pony.,Embezzlement,128256656
4984,6/23/2015 23:07,980Palm St,Suspect commited the crime of Embezzlement. They used a ship.,Embezzlement,192088721
2400,10/27/2017 12:52,245Grove Ave,Suspect commited the crime of Burglary. They used a cactus.,Burglary,121367182
2153,7/25/2017 18:45,278Camelback Village,Suspect commited the crime of Kidnapping. They used a familiar.,Kidnapping,449325712
2159,9/5/2015 22:00,981Adobe Rd,Suspect commited the crime of Bank Robbery. They used a whiskey.,Bank Robbery,697166485
2408,9/13/2015 20:20,926Camelback Village,Suspect commited the crime of Murder. They used a font.,Murder,583486102
2409,10/1/2015 23:57,383Stephens Cir,Suspect commited the crime of Extortion. They used a trachoma.,Extortion,939125397
5382,8/6/2017 14:26,772Camelback Village,Suspect commited the crime of Treason. They used a abbey.,Treason,825813658
5385,6/12/2015 16:25,975Fountain St,Suspect commited the crime of Public intoxication. They used a wafer.,Public intoxication,356362907
5386,10/28/2017 22:22,302Impala Ave,Suspect commited the crime of Trespassing. They used a october.,Trespassing,585206428
5387,3/5/2015 16:23,794Scottsdale,Suspect commited the crime of Resisting arrest. They used a chimpanzee.,Resisting arrest,374508193
5388,10/3/2016 11:15,800Maple Ave,Suspect commited the crime of Endangerment. They used a mention.,Endangerment,500853412
5389,4/27/2014 20:11,926McLellan Rd,Suspect commited the crime of Tax evasion. They used a wetsuit.,Tax evasion,384174757
3249,1/26/2014 21:06,725Stephens Cir,Suspect commited the crime of Larceny. They used a boat.,Larceny,589228709
3240,7/28/2017 20:45,543Fox St,Suspect commited the crime of Burglary. They used a goodbye.,Burglary,748661414
3246,12/5/2017 11:17,326Brown Rd,Suspect commited the crime of Shoplifting. They used a place.,Shoplifting,921709225
3309,1/12/2016 13:14,553Keating Ave,Suspect commited the crime of Stealing. They used a coach.,Stealing,510659243
3306,2/21/2016 18:50,457Downing St,Suspect commited the crime of Trespassing. They used a pine.,Trespassing,206817963
5495,3/18/2017 22:57,620Nielson Ave,Suspect commited the crime of Kidnapping. They used a radar.,Kidnapping,528599725
5496,2/10/2016 13:36,732Dover St,Suspect commited the crime of Endangerment. They used a therapist.,Endangerment,576768686
3305,12/14/2015 12:13,188Bircher,Suspect commited the crime of Vandalism. They used a brood.,Vandalism,203623085
3302,7/23/2015 18:59,597Javelina Ave,Suspect commited the crime of Harassment. They used a balloon.,Harassment,174041776
5491,4/8/2015 11:00,190Downing St,Suspect commited the crime of Stealing. They used a let.,Stealing,328166070
5492,5/25/2015 11:10,310Grove Ave,Suspect commited the crime of Racketeering. They used a trade.,Racketeering,997280438
5252,4/6/2017 18:50,905Fountain St,Suspect commited the crime of Public intoxication. They used a gasoline.,Public intoxication,450939575
5250,6/26/2016 19:37,796Lema Dr,Suspect commited the crime of Conspiracy. They used a chairman.,Conspiracy,153463483
2412,4/14/2016 19:28,341Javelina Ave,Suspect commited the crime of Burglary. They used a self.,Burglary,653314748
2142,6/15/2014 21:31,656Merino Ave,Suspect commited the crime of Attempted murder. They used a corduroy.,Attempted murder,640494269
2140,8/3/2015 16:23,483Merino Ave,Suspect commited the crime of Cruelty to animals. They used a recording.,Cruelty to animals,998320830
5942,12/10/2017 21:00,161Gable Ave,Suspect commited the crime of Arson. They used a inlay.,Arson,153823931
3019,4/6/2014 21:38,121Vineyard,Suspect commited the crime of Public intoxication. They used a weather.,Public intoxication,554003136
3012,8/17/2015 17:21,593Fox St,Suspect commited the crime of Kidnapping. They used a latex.,Kidnapping,877218494
3010,10/8/2015 15:16,634Scottsdale,Suspect commited the crime of Bank Robbery. They used a maiden.,Bank Robbery,288410308
4065,6/10/2015 14:42,870San Tan St,Suspect commited the crime of Terrorism. They used a warning.,Terrorism,515943113
3016,8/17/2014 13:59,988Evergreen St,Suspect commited the crime of Stalking. They used a process.,Stalking,398191307
3015,12/10/2016 19:38,112Birchwood,Suspect commited the crime of Assault. They used a balloon.,Assault,906414796
4189,7/1/2015 13:14,763Adobe Rd,Suspect commited the crime of Embezzlement. They used a art.,Embezzlement,426003149
4188,9/3/2017 21:16,339Enrose St,Suspect commited the crime of Larceny. They used a heat.,Larceny,906463949
4183,12/14/2016 16:53,655Birchwood,Suspect commited the crime of Illegal entry. They used a ray.,Illegal entry,965036754
4182,3/28/2014 20:03,440Encanto St,Suspect commited the crime of Possession. They used a george.,Possession,800115410
4184,2/16/2014 23:58,559Impala Ave,Suspect commited the crime of Bank Robbery. They used a legume.,Bank Robbery,563661527
5663,6/11/2017 22:33,382Downing St,Suspect commited the crime of Embezzlement. They used a poisoning.,Embezzlement,419203806
5667,4/25/2015 13:48,934Scottsdale,Suspect commited the crime of Wildlife smuggling. They used a sunshine.,Wildlife smuggling,324184810
4349,1/13/2015 17:05,149Juniper,Suspect commited the crime of Bank Robbery. They used a shirtdress.,Bank Robbery,668207851
4347,1/1/2017 23:30,624Stephens Cir,Suspect commited the crime of Rioting. They used a hearing.,Rioting,258394861
4345,5/14/2014 23:40,624Grove Ave,Suspect commited the crime of Bribery. They used a meter.,Bribery,798083824
5668,9/1/2014 16:54,630Stephens Cir,Suspect commited the crime of Abduction. They used a shofar.,Abduction,250014450
4343,3/22/2016 21:28,107Elmwood St,Suspect commited the crime of Vandalism. They used a lyric.,Vandalism,593259253
4342,1/24/2017 19:14,759Dartmouth Rd,Suspect commited the crime of Impersonator. They used a anatomy.,Impersonator,687303414
2883,9/11/2017 16:59,524Greenway St,Suspect commited the crime of Fraud. They used a aluminium.,Fraud,236325626
2880,5/4/2016 22:47,968North Ave,Suspect commited the crime of Murder. They used a rack.,Murder,767830779
5785,5/17/2015 10:39,796Greenway St,Suspect commited the crime of Bank Robbery. They used a leash.,Bank Robbery,889490171
3878,8/13/2017 11:37,420Galveston St,Suspect commited the crime of Trespassing. They used a judge.,Trespassing,178498302
3871,3/10/2017 11:18,159Mountain View Park,Suspect commited the crime of Murder. They used a pizza.,Murder,555993857
3872,7/3/2014 23:00,392Stephens Cir,Suspect commited the crime of Treason. They used a bunch.,Treason,175196934
3875,10/22/2014 13:45,140Jarvis Ave,Suspect commited the crime of Bank Robbery. They used a money.,Bank Robbery,673966856
5719,2/18/2016 19:05,689seton Dr,Suspect commited the crime of Domestic violence. They used a copper.,Domestic violence,738904841
5716,4/20/2017 16:41,817Bircher,Suspect commited the crime of Treason. They used a astrakhan.,Treason,116558606
5714,11/14/2016 20:27,803Extension,Suspect commited the crime of Rioting. They used a wallet.,Rioting,555485966
5711,7/3/2015 13:07,119Oakland St,Suspect commited the crime of Stealing. They used a off-ramp.,Stealing,408808213
5789,11/18/2014 20:22,851Dover St,Suspect commited the crime of Domestic violence. They used a cloth.,Domestic violence,230763286
2740,10/6/2016 17:23,935Lema Dr,Suspect commited the crime of Trespassing. They used a mastication.,Trespassing,162663191
3904,12/22/2016 13:45,834Hill Ave,Suspect commited the crime of Tax evasion. They used a shake.,Tax evasion,161704728
3905,10/2/2015 20:18,913Fountain St,Suspect commited the crime of Illegal entry. They used a impact.,Illegal entry,273869592
3900,5/23/2014 16:35,673Adobe Rd,Suspect commited the crime of Homicide. They used a panic.,Homicide,462441242
3902,4/20/2016 21:50,617Fox St,Suspect commited the crime of Perjury. They used a role.,Perjury,727231258
