ssn,username,password
800868125,all,^dirty
622520100,coach,tank!
391743260,forget,window$
494094118,chain,node@
168036135,impression,&agent
912590623,copy,#joint
236308258,focus,boolean$
842966821,enjoyable,&seven
655124269,known,tenth$
269059886,code,node^
328648495,battle,!temporary
603006766,follow,ocean#
539223861,chair,@noisy
793651001,disk,ocean%
285165370,bank,boolean*
559892281,competition,*agent
337135419,consider,%heat
516859709,whose,#web
735766333,certainly,%Snake
517203776,apartment,flash*
877799236,calculate,tenth*
121251654,hunting,fast%
833234759,animal,coast$
361170761,electricity,%caustic
850585417,concerned,tenth!
575153993,disgusting,cause@
165971792,horn,tenth#
605521745,amaze,flash#
799262546,charge,#airplane
550111058,bike,!acid
680322899,dislike,!take
491579221,include,&pack
114870101,friendly,note!
188925787,hill,&bone
650372955,illegally,post$
121259869,fly,post#
530433883,breathing,note$
556820318,appointment,^than
592455516,garden,spider&
122570593,advantage,post^
203016034,horror,%watch
907446120,coloured,@tone
785008490,aware,fast$
225445739,dirt,spider!
951445356,accuse,cause%
488654706,awful,cause$
101205875,affect,cause&
881223540,encounter,cause!
853968759,arrange,$nasty
351414136,brightly,cause#
105441145,four,@pointer
835512186,disturb,staple@
814606205,stapler,%spider
342181759,hour,@airplane
815089537,cable,gone!
895100802,button,*two
241403779,accidentally,computer#
369575812,anxious,&tablet
321636228,adjust,language%
951027587,independence,language$
459859851,venus,@flash
401459083,clothes,web^
226027405,enjoy,node#
856459150,chew,node$
454453136,brave,windup!
220735377,force,best$
137815953,core,seven#
814778262,flu,%western
977856409,discover,oxford#
259385243,budget,seven%
714393504,elegant,$thousand
204441506,imply,pack^
641329058,cost,$Lizard
378914724,further,light@
656017320,acid,spider^
972900265,bacteria,^Pig
708151212,blue,!wire
837994418,employ,$explorer
330999732,hide,copper^
836872119,appear,dust^
155527099,clock,$test
445417408,assistance,!send
865101763,circumstance,film%
587622340,anniversary,ornament!
669222852,access,!trusted
606463941,brief,$fast
179062727,above,gold#
914999240,conduct,@trojan
243656648,appeal,gold$
923092939,connected,windup#
994346956,bird,#stack
378873805,metadata,^text
286361549,body,!officer
770672588,disappoint,nest^
147130317,full,&dust
952723408,hero,dust$
245499854,honour,!create
954861525,funeral,&dirty
548685782,commercial,@tendency
144246741,here,%toolbox
612493276,behaviour,%tenth
856532957,entertainer,^web
415975391,explore,gold@
895576032,entertain,battery!
885663713,address,light&
422832097,active,battery#
335300577,consideration,nest&
177784802,along,$oxford
668551137,change,nest$
649963491,celebration,%tackle
284149735,box,nest!
716130272,boy,%table
281675754,search,nineteen$
193062892,engage,%airplane
685000685,ahead,^tank
345638893,discount,nineteen!
108316661,brilliant,$table
870057978,commonly,$Pen
520316922,airport,hunter@
497674237,advertising,nineteen*
880093184,action,&stack
938813441,climb,*take
987768835,genuinely,light!
586606596,emerge,!wasted
556632068,elect,&text
580757513,apple,light%
124987402,humour,terribly^
820152335,angrily,*lake
257624080,highly,#bleach
553871377,indoors,^cup
875956240,apply,$Tiger
141592599,armed,&eight
642123806,cloud,copper&
683591711,horizontal,*pointer
665765919,discuss,copper%
731637792,confidence,copper*
892676126,from,%staple
209774625,August,$blind
591898660,certificate,trojan*
948668452,army,#Tiger
453347369,illegal,terribly&
613713962,angry,!toolbox
609593387,century,take^
803301422,arms,*trojan
938756143,generate,!eight
989145137,eleven,*joint
382355505,call,$take
725428273,bitterly,*best
436152372,burst,%yesterday
651520063,household,#Elephant
570255424,breathe,%tone
295503941,pencil,$computer
501663814,clever,trusted#
738666565,formally,@rustbelt
532187205,holy,temperature$
399108166,afford,crime#
327444550,division,%arachnid
870836297,acceptable,&copper
156584005,apparent,&dirt
907995215,impress,trusted@
848398417,stone,temperature*
431466578,award,*grass
460859474,approving,%eight
358410326,fuel,toy^
297674838,proton,text^
579487833,accept,Lizard&
737822810,ashamed,&trojan
620890202,announce,text!
392570971,baby,boast*
570263647,central,text$
226412644,hole,toy#
333375591,hold,text*
240986216,circle,holster@
517032040,behalf,*yellow
743434349,charity,boast$
674007152,annoy,toy*
468346993,high,!nineteen
855582832,account,&homework
811288694,divorced,@thanks
270141558,challenge,&tail
977782905,blade,*friend
901040250,gasoline,$battery
905750651,cat,*ten
828246141,anywhere,three#
606644350,bake,three!
164604032,hope,oil$
691415169,elbow,!pointer
649996418,arrive,oil&
873113730,dissolve,&Cat
946825347,history,oil#
793159814,beautiful,film#
315230342,claim,film!
631433353,compare,$hope
853477515,embarrassing,&view
920373388,bent,oil*
594864268,brown,film$
984713358,calculation,take&
808413327,desktop,!fill
711321745,chip,@bone
251562134,in,take!
764643479,confused,coin#
989415581,agent,take*
702498975,autumn,coin%
115165351,chin,*thousand
509552808,bend,arachnid^
508766379,council,@explorer
504162477,arise,^room
128723118,gallon,&pointer
151251119,attract,gone@
912378032,impressed,hydrogen&
541698226,absolute,*folder
276129974,ceremony,*view
401762487,hesitate,hydrogen$
873343160,end,water*
126552249,broadly,gone^
680298678,awkward,hydrogen#
195012792,enquiry,^language
952903864,clothing,&windup
537143486,discussion,#pointer
889039042,comfort,water%
141699266,arrangement,&fast
882346183,chemical,hydrogen*
984295623,how,%tent
878454986,amazing,#trusted
849422548,forest,&real
826730710,freshly,*Rattle
738158807,answer,$rustbelt
820529368,gate,arachnid@
228968666,ignore,tank@
920291547,beach,Jackal^
765978842,gamble,bug#
347867362,circular,joint@
401000675,badly,eight*
697600228,building,!tension
180766950,attend,$than
180619498,huge,$temporarily
499558639,advice,Jackal*
351340784,after,Cat%
962480371,eighty,Cat&
627755252,collection,@one
276941046,disgusted,flash@
107129079,hence,Cat*
649955576,abuse,#winter
478513400,adventure,Jackal%
359966970,birthday,bone&
640190714,choice,$query
912943357,eighth,bone$
383789309,climbing,#men
284100862,attempt,*cup
930998526,conscious,^pack
379832574,following,^eraser
102451458,coat,joint#
431950082,amuse,grass&
354052356,counter,joint!
733301000,appreciate,$air
936593673,electron,joint%
152971533,element,!tree
517540110,baggage,eraser&
870435087,chief,#table
463358224,honestly,eight^
951413009,automatically,gone%
665823501,allow,noise$
692848920,ambulance,noise&
913090841,aloud,@window
284846365,egg,%Cat
754600222,wind,#Zebra
436881696,blind,Tiger&
360229152,east,arachnid!
201115940,indeed,noise*
105597223,beak,green@
526666029,confirm,@node
529115438,disabled,*toolbox
604260655,brain,tail!
454494511,attitude,%hunter
438798648,industrial,$flash
344516922,including,#yesterday
223947068,committee,tail*
554871102,cold,%normal
581364031,before,$terrible
430803263,hundredth,view%
431450432,complicate,dirty@
906127682,garbage,%burger
686778696,acknowledge,$inline
459090248,border,@yarn
732563787,concept,&coin
952412494,hot,tent&
533702994,actually,*query
895322451,better,!western
498198868,attraction,windup@
684624212,absence,#Pig
752945494,choose,&explorer
852765012,hobby,@language
761964890,bye,*normal
244935007,alter,*nest
931563871,ally,$crime
475900259,colleague,^pencil
260622703,coffee,queue*
893127024,generously,roast*
596273525,combination,#next
990431606,food,tablet^
242231671,commitment,windup^
680970616,break,sun%
342731129,band,yellow#
572533114,ambition,best%
656157051,front,yellow!
521267583,complain,horn$
887441794,association,yellow^
726952332,bread,tablet%
531138958,hook,tablet$
478923153,fully,temperature@
916261266,neutron,horn!
585927060,arrow,queue^
185969046,found,@printer
441403803,beneath,horn*
186780059,friendship,Lizard*
505465251,bone,node*
508578212,billion,western*
604457381,generation,*tone
546515367,house,@caustic
218974634,energy,$three
776571313,blank,@boolean
676759985,brother,%text
463178166,connect,Lizard%
467397047,impossible,!copper
408455608,bay,yesterday$
389671351,adequately,yesterday%
276564410,category,@thank
404236731,by,tail@
336267708,flower,&oxford
901843391,alcohol,$hydrogen
476228034,entertainment,view^
680790470,forty,than#
943688134,increase,&flash
341535184,encourage,than!
367438290,adapt,!graphite
792562130,assignment,view@
108415446,formula,dirty#
338602454,cheerfully,^Jackal
650783192,cause,!bug
804538845,correct,tension^
205908445,highway,!thousand
267102688,foundation,%cup
922462691,bald,sensor!
997542372,belief,!thanks
565447141,barrier,sensor#
795544039,associate,$Zebra
620898792,forgive,sensor%
139373032,free,explorer!
935217643,fourteen,&pad
665905645,completely,&crime
487074288,base,&graphite
756533746,complicated,@than
937544179,coastline,@nineteen
880683510,imagine,!bone
970680823,ask,#bug
794724854,embarrass,*light
716065273,cough,&rustbelt
200223226,beginning,#fast
826591736,accommodation,$officer
466364923,advance,create$
400771586,enormous,create*
830073346,backwards,geopolitics&
174582282,argument,&term
972016139,could,%best
317860364,impose,geopolitics%
494897678,confident,#gold
127420942,honest,@queue
691153426,chicken,crime@
524380691,allied,oxford$
329894418,inevitable,oxford&
450267667,consequence,computer$
757549588,castle,computer%
985672217,habit,$greek
647563803,frequent,$nest
683207195,blood,create@
123144731,emotion,&one
368060959,cheese,&Jaguar
454822432,already,*than
178817568,confuse,!terrible
103246370,awfully,control%
703490599,embarrassed,*flash
720611880,clear,geopolitics^
299125288,eleventh,tent!
780765739,elevator,&horn
547129900,another,$sensitivity
654477870,frequently,*note
909716015,bicycle,@hydrogen
646621744,electronic,tent*
653453872,cell phone,*term
954280499,engineer,eight#
430828083,city,sensor@
441412147,horse,settings#
825051702,ancient,%water
111135288,district,!russia
669862456,indicate,*toy
936839737,divorce,@send
229386808,bite,^hope
242764347,breed,control#
493029949,accent,$Lion
542149182,system,nasty#
279718459,approximately,*Elephant
167914054,anyone,nasty!
253626951,attach,&sensor
243345991,attack,Tiger%
194570824,ankle,Tiger$
946416202,hundred,nasty%
633866827,bitter,tension%
916515403,friend,^heart
406497871,beard,^crime
753920591,ceiling,!toy
756836945,accompany,@Jaguar
360065619,gear,men#
207915603,cope,@watch
109578838,acquire,&thanks
229853783,accurately,@Lizard
114109018,immediate,battery*
811534941,broadcast,@wasted
861383262,hurt,@post
737249896,chairwoman,@silver
172771947,hair,#coast
260426347,believe,graphite$
501516910,herself,!noisy
483576430,boyfriend,#thousand
454199927,distance,$qwest
448367232,anxiety,%eraser
437586561,fold,^note
103541378,fundamental,@air
201837185,anticipate,$nineteen
373967492,infectious,two$
138218112,bed,!men
883911308,panda,^helium
826337933,future,&geopolitics
499468940,boil,@graphite
125586063,historical,tackle*
128256656,college,tackle%
192088721,bet,tackle$
121367182,and,!nasty
449325712,fork,tackle&
697166485,illness,pointer%
583486102,concrete,pointer$
939125397,basically,tackle#
825813658,considerably,pointer&
356362907,plaintext,*drive
585206428,half,tackle^
374508193,alongside,*officer
500853412,gently,pointer^
384174757,comfortable,#tail
589228709,gentle,%explorer
748661414,comfortably,cup&
921709225,fourteenth,@control
510659243,anger,%take
206817963,north,$vandalism
528599725,concentration,pointer@
576768686,aged,tackle@
203623085,apparently,holster$
174041776,any,$coast
328166070,alive,air!
997280438,collapse,@toast
450939575,afraid,Rattle%
153463483,genuine,helium#
653314748,cheerful,@light
640494269,coal,helium%
998320830,agency,Rattle#
153823931,able,coast*
554003136,aside,@Tiger
877218494,hairdresser,%acid
288410308,click,coast#
515943113,also,%test
398191307,emphasis,coast%
906414796,amusing,$bond
426003149,bus,*arachnid
906463949,concern,@battery
965036754,channel,winter&
800115410,club,winter%
563661527,begin,winter!
419203806,hotel,inline*
324184810,electric,%tension
668207851,centre,@toolbox
258394861,beauty,@bleach
798083824,enter,$boast
250014450,chart,@coin
593259253,admire,caustic#
687303414,eight,inline&
236325626,fortieth,caustic&
767830779,alarmed,!fan
889490171,class,$oxygen
178498302,achievement,!tail
555993857,forever,^tension
175196934,bore,Pen^
673966856,industry,@ocean
738904841,enthusiastic,&user
116558606,gather,%next
555485966,disease,noisy@
408808213,aunt,&light
230763286,artificially,eraser$
162663191,businessman,$Pig
161704728,entertaining,@roast
273869592,annoyed,eraser!
462441242,affair,pencil%
727231258,atmosphere,pencil*
360844059,bomb,yellow@
566004502,confront,@russia
599763742,cheat,window&
566430495,indoor,$heat
631180063,cheap,qwest#
872327975,anyway,terrible$
877169449,ending,#qwest
974605100,bring,qwest$
644631343,bright,terrible!
657181487,bedroom,qwest*
833178416,corner,eraser^
462318387,aggressive,!dirty
385141557,cheaply,#bond
290843450,impact,Pen%
355666747,cell,!horn
158903100,busy,flash%
695798595,based,Pen!
925993796,behind,^heat
486009669,employer,$homework
679660356,bush,carrot&
857631559,went,hydrogen^
319556424,black,real*
418671437,disgust,#letter
368667470,employee,caustic^
824650575,enthusiasm,Jaguar&
607669069,adequate,%one
886082386,importantly,real%
986098514,achieve,!gold
758934355,bridge,!pack
426888023,his,silver&
355986265,hit,silver$
404712282,correctly,officer*
412568411,beat,silver#
282012508,assistant,officer$
215264092,hire,^send
262425435,bear,^qwest
260336478,coast,one!
106220378,competitive,%window
250063713,closely,control^
381668194,altogether,one$
376925026,buyer,&airplane
912837477,disadvantage,homework#
858565477,saturn,nope$
764849001,frightening,one*
251702123,him,homework&
649849709,celebrate,homework$
520358766,enemy,*oxygen
287394673,disaster,bond&
130394994,dishonestly,^tackle
802450290,bar,&western
182438772,artist,bond!
505293682,anxiously,&hope
346147701,borrow,tree$
185559927,across,grass#
972827512,bag,$winter
705932153,bad,@windup
816098170,common,%ocean
644426618,activity,true%
231082876,ban,#watch
819350395,implication,true&
139955066,automatic,*stack
422857600,bother,*pencil
139168641,husband,&friend
541166466,widow,dirty^
536595331,available,green#
696134532,art,*alumni
980855682,concert,green*
344148869,disapproving,!helium
422693760,artistically,^coin
471501704,intelligence,@spider
707488648,frame,^gold
321440647,eighteenth,air#
399240066,freeze,$settings
315034508,actively,true^
410733444,asleep,@arachnid
751684494,violet,*eraser
852970374,disturbing,#crime
833538960,hammer,*tackle
183626636,arm,printer%
309259154,best,%geopolitics
561499028,ability,&cup
754281365,closet,blind!
599681942,hungry,*handy
736062359,alarming,#blind
911174552,away,blind&
414837657,gentleman,%rain
399936410,artificial,#query
834333593,forecast,$lake
167824285,enough,letter&
908716961,closed,@friend
136956835,between,#file
489851813,import,battery%
175827877,bunch,!coin
669043623,approach,Rattle!
595946410,email,&burger
230149035,discovery,ten@
942713771,arrival,tail&
172084141,discipline,term$
473541548,alphabetically,term!
122637231,importance,*windup
274664368,confusion,@bug
164531115,attention,false^
439012274,alphabetical,term*
101059499,boss,^take
625798068,blame,thanks^
162483122,embarrassment,pad@
421948334,aircraft,@term
687778737,concentrate,!control
517901238,highlight,*realism
413797305,distinguish,acid%
579128251,approval,@alumni
111365051,come,Zebra%
407555003,improve,^handy
923995070,both,$tone
810675135,climate,&take
781519808,accident,^explorer
599591871,folding,staple!
276294595,freely,%gold
798550982,ill,thanks@
982797260,annual,pad^
567544782,incident,western^
306252751,against,pad#
747785169,foreign,flame^
309734356,assure,pad%
962718680,admit,*backspace
882043865,disappointment,$light
157739994,collect,$Snake
553462747,argue,thousand!
808266716,approve,nasty&
907332576,comment,#custum
576760800,among,@horn
246115298,afterwards,!yarn
665390052,bell,thanks&
957656036,battery,creativity#
758574056,connection,thanks%
115919848,betting,creativity$
750554091,community,heart@
767126508,hollow,ten*
201608173,alone,false&
834915310,article,fan$
536120304,blonde,false#
329935859,improvement,term^
671607796,boat,suspect%
467569653,belt,@eraser
895831030,conference,%create
807988216,bathroom,$friend
879012858,beef,#sensitivity
431500282,basis,geopolitics$
449047552,addition,#Pen
460622854,west,^lake
444894215,classic,sensor^
671730700,window,pack$
421612565,cent,pack%
412511253,advert,$watch
639274005,commission,@tackle
179686424,beer,@western
993463321,immoral,^thank
656182293,basic,&silver
630303772,fry,pack*
429427744,empty,backspace^
500108320,board,handy*
107105313,engine,@settings
920488998,enable,agent@
502697001,indirect,handy%
418090026,infect,%greek
153816107,concerning,#tension
955739180,citizen,#create
166857772,gas,!carrot
263597101,else,#explorer
619637801,fund,#tree
787057712,awake,trojan#
299740209,child,#flame
869428273,catch,^computer
702630961,confidently,@custum
257043509,hers,trusted!
276384825,former,#dust
621956153,case,handy@
277367866,exception,!tone
710593595,holiday,%pad
483183675,fur,graphite*
311913534,abandoned,graphite%
592260155,imagination,^backspace
646835265,frozen,ornament$
786656322,bill,!tent
774581315,appearance,roast%
900566084,as,graphite#
555658307,air,airplane^
129879109,aim,@wire
840141891,cast,roast$
533146696,CD,&false
270634057,centimetre,^water
246959174,fun,^user
218385482,aid,^men
546974795,balance,!creativity
264686664,congratulation,user$
167906377,file,%drive
853068882,alcoholic,$caustic
414714965,almost,*men
230190165,calculator,!rain
360279127,engaged,!query
485944408,disapprove,&gone
161336408,encouragement,#language
915041369,disappointing,@sensor
578514009,middle,*Jaguar
139054167,eighteen,#agent
872221788,beautifully,%terrible
129281118,south,&men
398503007,disappear,tablet&
389254240,chase,^noise
756583520,funny,$text
837880926,hire out,windup&
684477539,considerable,wire$
144002147,author,^noisy
576908390,alphabet,inline#
557993065,belong,drive&
457411689,bowl,#tent
520875114,amount,#officer
724421741,clearly,drive#
684567662,beside,$tail
232303727,complex,heart*
630606958,emphasize,normal%
131837037,inch,normal&
463948916,advise,normal!
385510518,feather,%friend
233393272,conflict,heart!
869928056,disc,$gone
368577661,independent,normal*
871844990,ball,tail$
538471550,emotionally,officer@
649153664,enjoyment,*nineteen
640404609,absorb,#silver
644312195,assist,@view
582913158,disagree,@nasty
907971719,hand,%bone
941026440,average,!next
238275721,fruit,!greek
108743818,advertisement,@gold
253897868,angle,^inline
633015437,butter,temperature&
323153038,colour,!true
873286799,cheek,!geopolitics
975441040,jupiter,$tension
487533711,anybody,heart^
305712274,analysis,custum$
491621521,academic,query&
101133458,hall,!friend
475442325,client,@tank
945663126,command,drive^
534457493,bottle,!Elephant
331680920,clerk,terrible@
510618777,chemistry,!bond
195800214,amazed,%custum
823602331,birth,*rustbelt
692432023,increasingly,^false
312667286,boot,toast!
132517015,accurate,*holster
318016672,distribute,#thanks
746015912,knot,^create
232729772,actress,Pig@
720194734,foot,%user
247925937,cease,*room
391122099,aspect,$tablet
855674036,world,Zebra^
145960122,alternative,$hunter
807750845,divide,$backspace
679201983,blow,^settings
276278467,generous,test#
328281284,disappointed,toolbox^
474803397,Friday,query$
317508803,character,Zebra@
463293639,chest,test&
517500104,boring,^normal
572140743,arrest,test*
388428044,add,@acid
589778128,combine,^sensitivity
679619796,attractive,two!
615754965,cash,room@
490253525,hurry,Lion@
710560983,apart,^trusted
867445973,homework,&winter
304008406,build,$water
393096406,bin,!alumni
498805980,complaint,!table
506539228,around,pencil!
218705118,emergency,Elephant#
854592735,big,thank^
966503648,income,roast@
109784288,disagreement,men$
738356097,fridge,Elephant*
418335971,enthusiastically,%settings
938454244,game,^sun
564006119,bandage,thank$
132615401,background,thank%
702909676,confined,Lion#
365522157,immediately,room#
964513007,bit,!agent
659098865,burnt,thank!
500059377,advanced,winter@
538717425,furniture,#handy
887713013,fortune,*homework
111750391,gift,*fan
785198327,alternatively,^sensor
126176506,hunt,!coast
408448253,dishonest,#view
355929346,annually,trojan$
215641347,garage,%nasty
311790850,audience,$pointer
269823237,indication,Pig!
128650502,either,acid#
129699077,always,Pig$
652176648,become,Pig%
768167176,tower,Pig&
207793419,conclusion,&boast
945868049,clap,$roast
918621460,node,Pig*
181914902,attorney,yesterday!
516164886,because,&yarn
482479386,inability,table#
978201883,absolutely,Zebra$
394095903,church,table!
375418145,back,table$
254422306,elderly,table*
815705379,certain,toolbox&
758943012,born,$flame
721333541,chocolate,toolbox#
884288805,however,#copper
136039715,election,@pencil
927419690,complete,tend@
747490605,home,$oil
651357486,advertise,temporary&
979184944,employment,temporary!
460311859,confusing,!than
841911604,abandon,^silver
180997431,congress,lake*
701459767,for,airplane&
804089145,fourth,lake%
633040184,broad,%alumni
534596925,avoid,^rustbelt
566644032,benefit,%query
876621120,conservative,$tendency
467062081,behave,send^
588533057,illustrate,!realism
350375234,be,test@
352341312,biology,^bleach
394046790,business,&staple
105590087,burn,*roast
884288841,communicate,Snake&
807488841,agreement,Snake%
409226573,broken,helium*
739437901,host,Snake*
582470989,display,#water
119500113,although,#yellow
898723156,chairman,three^
206490966,imaginary,ornament&
949677399,bury,*fill
837479766,abroad,*film
478809435,chapter,!joint
347893085,comparison,&carrot
322784606,about,*file
171134301,actual,&tenth
511012190,anything,$one
782585185,cigarette,!false
456396130,column,*toast
465382753,freedom,lake^
904801634,biscuit,tend&
308702571,chop,queue#
562154861,ensure,!boast
795569519,afternoon,&Lion
220859762,act,^russia
929222006,commit,!queue
643657079,hospital,@note
283700600,eightieth,@take
147508602,formerly,@Snake
162229628,civil,@men
396070269,communication,*list
537054590,image,%false
827665792,bound,lake@
734571907,bath,hope*
759025028,appropriate,oxygen$
851037572,google,oxygen#
749563267,brush,&tendency
225193351,apologize,*Snake
126848392,next,oxygen*
709332361,frightened,hope%
663539085,impressive,file#
582847886,breath,file!
288599440,coin,russia!
287214994,computer,!tackle
224914834,additional,file*
538512789,her,!backspace
572140950,area,yarn&
305204631,hip,#tackle
984698264,housing,$toast
165285273,flying,tone%
328019353,mock,noisy*
392785307,approximate,window@
534900123,disapproval,tone#
665185691,humorous,^toolbox
965184926,infected,!ornament
536759712,forward,dirt%
121605541,bored,$stack
749882792,bubble,language^
323693994,function,settings*
873942443,ago,tone*
473427373,buy,&tension
489958829,human,explorer&
371797423,elsewhere,&send
917171632,form,letter@
378875318,attempted,%green
781847993,brand,@suspect
657681852,analyse,^greek
702361020,but,explorer$
196701634,cabinet,*bug
174525893,cloth,settings@
635514309,hi,tone@
771583432,gain,*carrot
944901579,solar,watch%
123358670,atom,dirt^
578432464,cottage,$holster
573369810,brick,%send
277712342,count,#room
588492248,absent,Jaguar%
670125528,admiration,@table
102845914,consist,tone^
880479704,characteristic,joint&
910020063,attached,yarn^
583716326,bargain,*Lizard
529468903,coughing,bleach^
473230824,below,file^
846638569,dirty,graphite@
864579050,cake,%trojan
603819500,emotional,bleach@
487984621,distribution,hope^
150064622,agree,russia@
454921711,affection,!Jaguar
626159085,block,yarn@
934170100,adopt,rustbelt^
170446326,associated,$trojan
184143352,ad,@homework
317263355,cinema,&green
824618498,frighten,realism!
907292162,dish,&greek
204656138,condition,rain^
223481354,pie,realism$
476597770,general,&Elephant
932769290,alarm,^table
162876942,engineering,friend%
365587983,at,toast&
908480015,chat,%thousand
183275029,himself,watch^
196996630,annoying,*thanks
822324759,empire,@eight
360263193,authority,rain@
191786522,cotton,!spider
405335581,again,language&
274419229,beyond,heat$
226266653,index,stack*
856854053,generally,#carrot
466472486,actor,stack&
677137959,wander,stack$
718605870,application,&tone
246197807,book,heat*
832351791,electrical,boast&
269749809,branch,&node
836701746,chamber,acid$
283143730,gambling,&Lizard
647188020,confine,@copper
284773941,company,*pad
952684083,chemist,coin^
358747700,artistic,%Lion
743091762,conclude,user@
909110842,briefly,heat@
351923776,dismiss,!light
272027203,accidental,&toy
270601796,congratulate,*wire
915762758,football,stack^
638881351,April,@trusted
791195214,chance,&russia
488336979,important,^yarn
421097050,infection,@Elephant
521219677,cheque,&helium
338718302,formal,*web
889917024,gap,*true
229805667,awkwardly,handy^
587116132,appoint,#cause
497151589,independently,tendency!
862572134,individual,*trusted
706915949,bullet,sensitivity#
165547629,assume,^coast
568405616,age,friend@
169111161,bottom,friend^
287805051,amused,$fill
692268668,impatient,&hydrogen
778636927,coldly,@sun
838078079,compete,toast^
697708163,fresh,#pack
766602887,inevitably,$file
471256711,backward,*caustic
697069191,indirectly,%Lizard
971280012,adult,^boast
